{
  "metadata": {
    "experiment_name": "Ramedis Baseline con GPT-4o",
    "timestamp": "2025-06-08T14:22:20.154866"
  },
  "evaluations": [
    {
      "case_id": 1,
      "gdx_set": [
        "Methylmalonic acidemia",
        "Methylmalonic aciduria",
        "Vitamin B12-unresponsive methylmalonic acidemia",
        "methylmalonyl-coa mutase deficiency"
      ],
      "best_match": {
        "gdx": "Methylmalonic acidemia",
        "ddx": "Methylmalonic acidemia",
        "score": 0.9999998807907104
      },
      "ddx_semantic_scores": {
        "Methylmalonic acidemia": [
          0.9999998807907104,
          0.9680109024047852,
          0.8807355165481567,
          0.8907325863838196
        ],
        "Propionic acidemia": [
          0.6754580140113831,
          0.6590555906295776,
          0.5651570558547974,
          0.6129608154296875
        ],
        "Isovaleric acidemia": [
          0.7510212063789368,
          0.7446814775466919,
          0.6919991970062256,
          0.6903924942016602
        ],
        "Multiple carboxylase deficiency": [
          0.7205946445465088,
          0.727961540222168,
          0.6880760192871094,
          0.7256921529769897
        ],
        "Ornithine transcarbamylase deficiency": [
          0.5260632038116455,
          0.5298824310302734,
          0.5711988806724548,
          0.5532011389732361
        ]
      }
    },
    {
      "case_id": 2,
      "gdx_set": [
        "Succinic semialdehyde dehydrogenase deficiency"
      ],
      "best_match": {
        "gdx": "Succinic semialdehyde dehydrogenase deficiency",
        "ddx": "Maple syrup urine disease (MSUD)",
        "score": 0.6925370693206787
      },
      "ddx_semantic_scores": {
        "Pompe disease": [
          0.42517709732055664
        ],
        "Spinal muscular atrophy (SMA) type 1": [
          0.40501922369003296
        ],
        "Leigh syndrome": [
          0.5111503601074219
        ],
        "Mitochondrial myopathy": [
          0.4078817367553711
        ],
        "Maple syrup urine disease (MSUD)": [
          0.6925370693206787
        ]
      }
    },
    {
      "case_id": 3,
      "gdx_set": [
        "Phenylketonuria"
      ],
      "best_match": {
        "gdx": "Phenylketonuria",
        "ddx": "Phenylketonuria",
        "score": 1.0
      },
      "ddx_semantic_scores": {
        "Tyrosinemia Type I": [
          0.6515018939971924
        ],
        "Phenylketonuria": [
          1.0
        ],
        "Maple Syrup Urine Disease": [
          0.6832215785980225
        ],
        "Nonketotic Hyperglycinemia": [
          0.6471371054649353
        ],
        "Primary Hyperoxaluria Type I": [
          0.5510836243629456
        ]
      }
    },
    {
      "case_id": 4,
      "gdx_set": [
        "Congenital disorder of glycosylation, type Ia"
      ],
      "best_match": {
        "gdx": "Congenital disorder of glycosylation, type Ia",
        "ddx": "Congenital muscular dystrophy",
        "score": 0.45451462268829346
      },
      "ddx_semantic_scores": {
        "Pfeiffer syndrome": [
          0.36104869842529297
        ],
        "Walker-Warburg syndrome": [
          0.3303225338459015
        ],
        "Congenital muscular dystrophy": [
          0.45451462268829346
        ],
        "Fryns syndrome": [
          0.326188862323761
        ],
        "Marfan syndrome": [
          0.32288724184036255
        ]
      }
    },
    {
      "case_id": 5,
      "gdx_set": [
        "Maple syrup urine disease"
      ],
      "best_match": {
        "gdx": "Maple syrup urine disease",
        "ddx": "Maple Syrup Urine Disease",
        "score": 1.0
      },
      "ddx_semantic_scores": {
        "Maple Syrup Urine Disease": [
          1.0
        ],
        "Leigh Syndrome": [
          0.4428190588951111
        ],
        "Phenylketonuria": [
          0.6832215785980225
        ],
        "Mitochondrial Encephalopathy, Lactic Acidosis, and Stroke-like Episodes (MELAS) Syndrome": [
          0.5185010433197021
        ],
        "Glutaric Acidemia Type I": [
          0.5665846467018127
        ]
      }
    }
  ]
}