{
  "metadata": {
    "experiment_name": "Ramedis Baseline con GPT-4o",
    "timestamp": "2025-06-08T19:10:37.824983"
  },
  "evaluations": [
    {
      "case_id": 1,
      "gdx_set": [
        "Methylmalonic acidemia",
        "Methylmalonic aciduria",
        "Vitamin B12-unresponsive methylmalonic acidemia",
        "methylmalonyl-coa mutase deficiency"
      ],
      "best_match": {
        "gdx": "Methylmalonic acidemia",
        "ddx": "Methylmalonic acidemia",
        "score": 0.9999998807907104
      },
      "ddx_semantic_scores": {
        "Methylmalonic acidemia": [
          0.9999998807907104,
          0.9680109024047852,
          0.8807355165481567,
          0.8907325863838196
        ],
        "Propionic acidemia": [
          0.6754580140113831,
          0.6590555906295776,
          0.5651570558547974,
          0.6129608154296875
        ],
        "Multiple carboxylase deficiency": [
          0.7205946445465088,
          0.727961540222168,
          0.6880760192871094,
          0.7256921529769897
        ],
        "Organic acidemia due to cobalamin deficiency": [
          0.5970624089241028,
          0.571363627910614,
          0.7124243974685669,
          0.5600333213806152
        ],
        "Leigh syndrome": [
          0.42844897508621216,
          0.4000585079193115,
          0.46135079860687256,
          0.44133463501930237
        ]
      }
    },
    {
      "case_id": 2,
      "gdx_set": [
        "Succinic semialdehyde dehydrogenase deficiency"
      ],
      "best_match": {
        "gdx": "Succinic semialdehyde dehydrogenase deficiency",
        "ddx": "Organic Aciduria",
        "score": 0.5625652074813843
      },
      "ddx_semantic_scores": {
        "Spinal Muscular Atrophy Type 1": [
          0.42332199215888977
        ],
        "Pompe Disease": [
          0.42517709732055664
        ],
        "Mitochondrial Myopathy": [
          0.4078817367553711
        ],
        "Organic Aciduria": [
          0.5625652074813843
        ],
        "Congenital Myasthenic Syndrome": [
          0.30410826206207275
        ]
      }
    },
    {
      "case_id": 3,
      "gdx_set": [
        "Phenylketonuria"
      ],
      "best_match": {
        "gdx": "Phenylketonuria",
        "ddx": "Phenylketonuria",
        "score": 1.0
      },
      "ddx_semantic_scores": {
        "Tyrosinemia Type I": [
          0.6515018939971924
        ],
        "Phenylketonuria": [
          1.0
        ],
        "Maternal Phenylketonuria Syndrome": [
          0.7311797738075256
        ],
        "Maple Syrup Urine Disease": [
          0.6832215785980225
        ],
        "Galactosemia": [
          0.4480534791946411
        ]
      }
    },
    {
      "case_id": 4,
      "gdx_set": [
        "Congenital disorder of glycosylation, type Ia"
      ],
      "best_match": {
        "gdx": "Congenital disorder of glycosylation, type Ia",
        "ddx": "Congenital Disorder of Glycosylation Type Ia",
        "score": 0.9964665770530701
      },
      "ddx_semantic_scores": {
        "Glycogen Storage Disease Type II (Pompe Disease)": [
          0.5213872194290161
        ],
        "Zellweger Spectrum Disorder": [
          0.4060462713241577
        ],
        "Congenital Disorder of Glycosylation Type Ia": [
          0.9964665770530701
        ],
        "Joubert Syndrome": [
          0.36732298135757446
        ],
        "Walker-Warburg Syndrome": [
          0.3303225338459015
        ]
      }
    },
    {
      "case_id": 5,
      "gdx_set": [
        "Maple syrup urine disease"
      ],
      "best_match": {
        "gdx": "Maple syrup urine disease",
        "ddx": "Maple Syrup Urine Disease",
        "score": 1.0
      },
      "ddx_semantic_scores": {
        "Maple Syrup Urine Disease": [
          1.0
        ],
        "Leigh Syndrome": [
          0.4428190588951111
        ],
        "Glutaric Aciduria Type I": [
          0.5848686099052429
        ],
        "Canavan Disease": [
          0.5268651247024536
        ],
        "Menkes Disease": [
          0.5389600396156311
        ]
      }
    }
  ]
}