{
  "metadata": {
    "experiment_name": "Ramedis Baseline con GPT-4o",
    "timestamp": "2025-06-08T19:22:17.734235"
  },
  "evaluations": [
    {
      "case_id": 1,
      "gdx_set": [
        "Methylmalonic acidemia",
        "Methylmalonic aciduria",
        "Vitamin B12-unresponsive methylmalonic acidemia",
        "methylmalonyl-coa mutase deficiency"
      ],
      "best_match": {
        "gdx": "Methylmalonic acidemia",
        "ddx": "Methylmalonic acidemia",
        "score": 0.9999998807907104
      },
      "ddx_semantic_scores": {
        "Methylmalonic acidemia": [
          0.9999998807907104,
          0.9680109024047852,
          0.8807355165481567,
          0.8907325863838196
        ],
        "Propionic acidemia": [
          0.6754580140113831,
          0.6590555906295776,
          0.5651570558547974,
          0.6129608154296875
        ],
        "Multiple carboxylase deficiency": [
          0.7205946445465088,
          0.727961540222168,
          0.6880760192871094,
          0.7256921529769897
        ],
        "Isovaleric acidemia": [
          0.7510212063789368,
          0.7446814775466919,
          0.6919991970062256,
          0.6903924942016602
        ],
        "Glutaric acidemia type I": [
          0.6227201819419861,
          0.6281981468200684,
          0.5468958616256714,
          0.6360635757446289
        ]
      }
    },
    {
      "case_id": 2,
      "gdx_set": [
        "Succinic semialdehyde dehydrogenase deficiency"
      ],
      "best_match": {
        "gdx": "Succinic semialdehyde dehydrogenase deficiency",
        "ddx": "Leigh syndrome",
        "score": 0.5111503601074219
      },
      "ddx_semantic_scores": {
        "Spinal muscular atrophy type 1 (SMA1)": [
          0.37739887833595276
        ],
        "Pompe disease": [
          0.42517709732055664
        ],
        "Mitochondrial myopathy": [
          0.4078817367553711
        ],
        "Zellweger spectrum disorder": [
          0.4473651945590973
        ],
        "Leigh syndrome": [
          0.5111503601074219
        ]
      }
    },
    {
      "case_id": 3,
      "gdx_set": [
        "Phenylketonuria"
      ],
      "best_match": {
        "gdx": "Phenylketonuria",
        "ddx": "Phenylketonuria",
        "score": 1.0
      },
      "ddx_semantic_scores": {
        "Hereditary Tyrosinemia Type I": [
          0.6464978456497192
        ],
        "Phenylketonuria": [
          1.0
        ],
        "Maple Syrup Urine Disease": [
          0.6832215785980225
        ],
        "Galactosemia": [
          0.4480534791946411
        ],
        "Ornithine Transcarbamylase Deficiency": [
          0.5233170390129089
        ]
      }
    },
    {
      "case_id": 4,
      "gdx_set": [
        "Congenital disorder of glycosylation, type Ia"
      ],
      "best_match": {
        "gdx": "Congenital disorder of glycosylation, type Ia",
        "ddx": "Leigh Syndrome",
        "score": 0.4307480454444885
      },
      "ddx_semantic_scores": {
        "Congenital Diaphragmatic Hernia": [
          0.34389811754226685
        ],
        "Spinal Muscular Atrophy": [
          0.1850862354040146
        ],
        "Ponto-Cerebellar Hypoplasia": [
          0.29114294052124023
        ],
        "Beckwith-Wiedemann Syndrome": [
          0.4247278571128845
        ],
        "Leigh Syndrome": [
          0.4307480454444885
        ]
      }
    },
    {
      "case_id": 5,
      "gdx_set": [
        "Maple syrup urine disease"
      ],
      "best_match": {
        "gdx": "Maple syrup urine disease",
        "ddx": "Maple Syrup Urine Disease (MSUD)",
        "score": 0.9355921149253845
      },
      "ddx_semantic_scores": {
        "Maple Syrup Urine Disease (MSUD)": [
          0.9355921149253845
        ],
        "Leigh Syndrome": [
          0.4428190588951111
        ],
        "Phenylketonuria (PKU)": [
          0.6758900880813599
        ],
        "Organic Aciduria": [
          0.5979688763618469
        ],
        "Homocystinuria": [
          0.4393405318260193
        ]
      }
    }
  ]
}