{
  "metadata": {
    "experiment_name": "Ramedis Baseline con GPT-4o",
    "timestamp": "2025-06-08T15:12:18.842892"
  },
  "evaluations": [
    {
      "case_id": 1,
      "gdx_set": [
        "Methylmalonic acidemia",
        "Methylmalonic aciduria",
        "Vitamin B12-unresponsive methylmalonic acidemia",
        "methylmalonyl-coa mutase deficiency"
      ],
      "best_match": {
        "gdx": "Methylmalonic acidemia",
        "ddx": "Methylmalonic acidemia",
        "score": 0.9999998807907104
      },
      "ddx_semantic_scores": {
        "Methylmalonic acidemia": [
          0.9999998807907104,
          0.9680109024047852,
          0.8807355165481567,
          0.8907325863838196
        ],
        "Propionic acidemia": [
          0.6754580140113831,
          0.6590555906295776,
          0.5651570558547974,
          0.6129608154296875
        ],
        "Isovaleric acidemia": [
          0.7510212063789368,
          0.7446814775466919,
          0.6919991970062256,
          0.6903924942016602
        ],
        "Maple syrup urine disease": [
          0.6434930562973022,
          0.6850922107696533,
          0.5772832036018372,
          0.6230400800704956
        ],
        "Glutaric acidemia type I": [
          0.6227201819419861,
          0.6281981468200684,
          0.5468958616256714,
          0.6360635757446289
        ]
      }
    },
    {
      "case_id": 2,
      "gdx_set": [
        "Succinic semialdehyde dehydrogenase deficiency"
      ],
      "best_match": {
        "gdx": "Succinic semialdehyde dehydrogenase deficiency",
        "ddx": "Organic acidemia",
        "score": 0.5400195121765137
      },
      "ddx_semantic_scores": {
        "Pompe disease": [
          0.42517709732055664
        ],
        "Spinal muscular atrophy": [
          0.35371264815330505
        ],
        "Mitochondrial disease": [
          0.44944286346435547
        ],
        "Organic acidemia": [
          0.5400195121765137
        ],
        "Leigh syndrome": [
          0.5111503601074219
        ]
      }
    },
    {
      "case_id": 3,
      "gdx_set": [
        "Phenylketonuria"
      ],
      "best_match": {
        "gdx": "Phenylketonuria",
        "ddx": "Phenylketonuria",
        "score": 1.0
      },
      "ddx_semantic_scores": {
        "Tyrosinemia type I": [
          0.6515018939971924
        ],
        "Phenylketonuria": [
          1.0
        ],
        "Maple syrup urine disease": [
          0.6832215785980225
        ],
        "Homocystinuria": [
          0.47054192423820496
        ],
        "Galactosemia": [
          0.4480534791946411
        ]
      }
    },
    {
      "case_id": 4,
      "gdx_set": [
        "Congenital disorder of glycosylation, type Ia"
      ],
      "best_match": {
        "gdx": "Congenital disorder of glycosylation, type Ia",
        "ddx": "Congenital Disorder of Glycosylation Type Ia",
        "score": 0.9964665770530701
      },
      "ddx_semantic_scores": {
        "Fukuyama Congenital Muscular Dystrophy": [
          0.5406872034072876
        ],
        "Walker-Warburg Syndrome": [
          0.3303225338459015
        ],
        "Congenital Disorder of Glycosylation Type Ia": [
          0.9964665770530701
        ],
        "Meckel-Gruber Syndrome": [
          0.34014543890953064
        ],
        "Leigh Syndrome": [
          0.4307480454444885
        ]
      }
    },
    {
      "case_id": 5,
      "gdx_set": [
        "Maple syrup urine disease"
      ],
      "best_match": {
        "gdx": "Maple syrup urine disease",
        "ddx": "Maple syrup urine disease (MSUD)",
        "score": 0.9355921149253845
      },
      "ddx_semantic_scores": {
        "Maple syrup urine disease (MSUD)": [
          0.9355921149253845
        ],
        "Cerebral palsy": [
          0.2683441936969757
        ],
        "Congenital hypothyroidism": [
          0.2931174039840698
        ],
        "Tay-Sachs disease": [
          0.4246448874473572
        ],
        "Leigh syndrome": [
          0.4428190588951111
        ]
      }
    }
  ]
}