{
  "metadata": {
    "experiment_name": "Ramedis Baseline con GPT-4o",
    "timestamp": "2025-06-08T15:58:41.592372"
  },
  "evaluations": [
    {
      "case_id": 1,
      "gdx_set": [
        "Methylmalonic acidemia",
        "Methylmalonic aciduria",
        "Vitamin B12-unresponsive methylmalonic acidemia",
        "methylmalonyl-coa mutase deficiency"
      ],
      "best_match": {
        "gdx": "Methylmalonic acidemia",
        "ddx": "Methylmalonic acidemia",
        "score": 0.9999998807907104
      },
      "ddx_semantic_scores": {
        "Methylmalonic acidemia": [
          0.9999998807907104,
          0.9680109024047852,
          0.8807355165481567,
          0.8907325863838196
        ],
        "Propionic acidemia": [
          0.6754580140113831,
          0.6590555906295776,
          0.5651570558547974,
          0.6129608154296875
        ],
        "Histiocytoid cardiomyopathy": [
          0.3300870358943939,
          0.32161423563957214,
          0.37279200553894043,
          0.3670535087585449
        ],
        "Leigh syndrome": [
          0.42844897508621216,
          0.4000585079193115,
          0.46135079860687256,
          0.44133463501930237
        ],
        "Pyruvate carboxylase deficiency": [
          0.6777456998825073,
          0.6636677384376526,
          0.6412553787231445,
          0.712581992149353
        ]
      }
    },
    {
      "case_id": 2,
      "gdx_set": [
        "Succinic semialdehyde dehydrogenase deficiency"
      ],
      "best_match": {
        "gdx": "Succinic semialdehyde dehydrogenase deficiency",
        "ddx": "Methylmalonic acidemia",
        "score": 0.6648247241973877
      },
      "ddx_semantic_scores": {
        "Pompe disease": [
          0.42517709732055664
        ],
        "Spinal muscular atrophy (SMA) type 1": [
          0.40501922369003296
        ],
        "Methylmalonic acidemia": [
          0.6648247241973877
        ],
        "Leigh syndrome": [
          0.5111503601074219
        ],
        "Congenital myotonic dystrophy": [
          0.3593464493751526
        ]
      }
    },
    {
      "case_id": 3,
      "gdx_set": [
        "Phenylketonuria"
      ],
      "best_match": {
        "gdx": "Phenylketonuria",
        "ddx": "Phenylketonuria",
        "score": 1.0
      },
      "ddx_semantic_scores": {
        "Tyrosinemia Type I": [
          0.6515018939971924
        ],
        "Phenylketonuria": [
          1.0
        ],
        "Maple Syrup Urine Disease": [
          0.6832215785980225
        ],
        "Homocystinuria": [
          0.47054192423820496
        ],
        "Argininosuccinic Aciduria": [
          0.47546079754829407
        ]
      }
    },
    {
      "case_id": 4,
      "gdx_set": [
        "Congenital disorder of glycosylation, type Ia"
      ],
      "best_match": {
        "gdx": "Congenital disorder of glycosylation, type Ia",
        "ddx": "Donohue Syndrome",
        "score": 0.4592949151992798
      },
      "ddx_semantic_scores": {
        "Donohue Syndrome": [
          0.4592949151992798
        ],
        "Leigh Syndrome": [
          0.4307480454444885
        ],
        "Zellweger Spectrum Disorder": [
          0.4060462713241577
        ],
        "Walker-Warburg Syndrome": [
          0.3303225338459015
        ],
        "Barth Syndrome": [
          0.4205002188682556
        ]
      }
    },
    {
      "case_id": 5,
      "gdx_set": [
        "Maple syrup urine disease"
      ],
      "best_match": {
        "gdx": "Maple syrup urine disease",
        "ddx": "Maple Syrup Urine Disease",
        "score": 1.0
      },
      "ddx_semantic_scores": {
        "Maple Syrup Urine Disease": [
          1.0
        ],
        "Leigh Syndrome": [
          0.4428190588951111
        ],
        "Zellweger Spectrum Disorder": [
          0.4226894974708557
        ],
        "Nonketotic Hyperglycinemia": [
          0.5777458548545837
        ],
        "Glutaric Acidemia Type I": [
          0.5665846467018127
        ]
      }
    }
  ]
}