{
  "metadata": {
    "experiment_name": "Ramedis Baseline con GPT-4o",
    "timestamp": "2025-06-08T19:11:36.786043"
  },
  "evaluations": [
    {
      "case_id": 1,
      "gdx_set": [
        "Methylmalonic acidemia",
        "Methylmalonic aciduria",
        "Vitamin B12-unresponsive methylmalonic acidemia",
        "methylmalonyl-coa mutase deficiency"
      ],
      "best_match": {
        "gdx": "Methylmalonic acidemia",
        "ddx": "Methylmalonic Acidemia",
        "score": 0.9999998807907104
      },
      "ddx_semantic_scores": {
        "Methylmalonic Acidemia": [
          0.9999998807907104,
          0.9680109024047852,
          0.8807355165481567,
          0.8907325863838196
        ],
        "Propionic Acidemia": [
          0.6754580140113831,
          0.6590555906295776,
          0.5651570558547974,
          0.6129608154296875
        ],
        "Isovaleric Acidemia": [
          0.7510212063789368,
          0.7446814775466919,
          0.6919991970062256,
          0.6903924942016602
        ],
        "Glutaric Acidemia Type I": [
          0.6227201819419861,
          0.6281981468200684,
          0.5468958616256714,
          0.6360635757446289
        ],
        "Ornithine Transcarbamylase Deficiency": [
          0.5260632038116455,
          0.5298824310302734,
          0.5711988806724548,
          0.5532011389732361
        ]
      }
    },
    {
      "case_id": 2,
      "gdx_set": [
        "Succinic semialdehyde dehydrogenase deficiency"
      ],
      "best_match": {
        "gdx": "Succinic semialdehyde dehydrogenase deficiency",
        "ddx": "Methylmalonic acidemia",
        "score": 0.6648247241973877
      },
      "ddx_semantic_scores": {
        "Pompe disease": [
          0.42517709732055664
        ],
        "Spinal muscular atrophy type 1": [
          0.42332199215888977
        ],
        "Zellweger syndrome": [
          0.3922729790210724
        ],
        "Methylmalonic acidemia": [
          0.6648247241973877
        ],
        "Leigh syndrome": [
          0.5111503601074219
        ]
      }
    },
    {
      "case_id": 3,
      "gdx_set": [
        "Phenylketonuria"
      ],
      "best_match": {
        "gdx": "Phenylketonuria",
        "ddx": "Phenylketonuria",
        "score": 1.0
      },
      "ddx_semantic_scores": {
        "Tyrosinemia Type I": [
          0.6515018939971924
        ],
        "Phenylketonuria": [
          1.0
        ],
        "Maple Syrup Urine Disease": [
          0.6832215785980225
        ],
        "Urea Cycle Disorder": [
          0.45039910078048706
        ],
        "Nonketotic Hyperglycinemia": [
          0.6471371054649353
        ]
      }
    },
    {
      "case_id": 4,
      "gdx_set": [
        "Congenital disorder of glycosylation, type Ia"
      ],
      "best_match": {
        "gdx": "Congenital disorder of glycosylation, type Ia",
        "ddx": "Congenital Disorder of Glycosylation Type Ia (PMM2-CDG)",
        "score": 0.8562085032463074
      },
      "ddx_semantic_scores": {
        "Congenital Disorder of Glycosylation Type Ia (PMM2-CDG)": [
          0.8562085032463074
        ],
        "Fukuyama Congenital Muscular Dystrophy": [
          0.5406872034072876
        ],
        "Walker-Warburg Syndrome": [
          0.3303225338459015
        ],
        "Smith-Lemli-Opitz Syndrome": [
          0.3032439947128296
        ],
        "Zellweger Spectrum Disorder": [
          0.4060462713241577
        ]
      }
    },
    {
      "case_id": 5,
      "gdx_set": [
        "Maple syrup urine disease"
      ],
      "best_match": {
        "gdx": "Maple syrup urine disease",
        "ddx": "Maple Syrup Urine Disease",
        "score": 1.0
      },
      "ddx_semantic_scores": {
        "Maple Syrup Urine Disease": [
          1.0
        ],
        "Leigh Syndrome": [
          0.4428190588951111
        ],
        "Phenylketonuria": [
          0.6832215785980225
        ],
        "Mitochondrial Encephalopathy": [
          0.5578824877738953
        ],
        "Organic Acidemia": [
          0.5374430418014526
        ]
      }
    }
  ]
}