{
  "evaluator": "semantic",
  "dataset": "src\\datasets\\mini-test.csv",
  "config": {
    "batch_size": 5,
    "n_diagnoses": 5,
    "llm_model": "gpt-4o",
    "temperature": 0.3,
    "prompt_path": "src/dxgpt-prompt/dxgpt-prompt.txt"
  },
  "summary": {
    "total_cases": 17,
    "avg_score": 0.8157492227414075,
    "min_score": 0.45451462268829346,
    "max_score": 1.0,
    "perfect_matches": 7,
    "score_distribution": {
      "0.0-0.2": 0,
      "0.2-0.4": 0,
      "0.4-0.6": 3,
      "0.6-0.8": 4,
      "0.8-1.0": 10
    }
  },
  "detailed_results": [
    {
      "uid": "0",
      "score": 0.9999998807907104,
      "diagnosis": "Methylmalonic acidemia; Methylmalonic aciduria; Vitamin B12-unresponsive methylmalonic acidemia; methylmalonyl-coa mutase deficiency",
      "details": {
        "ddx": [
          "Methylmalonic acidemia",
          "Propionic acidemia",
          "Organic acidemia",
          "Neonatal metabolic crisis",
          "Congenital metabolic disorder"
        ],
        "similarity_matrix": [
          [
            0.9999998807907104,
            0.9680109024047852,
            0.8807355165481567,
            0.8907325863838196
          ],
          [
            0.6754580140113831,
            0.6590555906295776,
            0.5651570558547974,
            0.6129608154296875
          ],
          [
            0.5637314319610596,
            0.5547956228256226,
            0.4640747904777527,
            0.5260847806930542
          ],
          [
            0.5917563438415527,
            0.5532582998275757,
            0.5510256886482239,
            0.5494576096534729
          ],
          [
            0.5222126245498657,
            0.5002368092536926,
            0.45148003101348877,
            0.5122441053390503
          ]
        ]
      }
    },
    {
      "uid": "1",
      "score": 0.6648247241973877,
      "diagnosis": "Succinic semialdehyde dehydrogenase deficiency",
      "details": {
        "ddx": [
          "Organic acidemia",
          "Propionic acidemia",
          "Methylmalonic acidemia",
          "Neonatal metabolic crisis",
          "Congenital metabolic disorder"
        ],
        "similarity_matrix": [
          [
            0.5400195121765137
          ],
          [
            0.5996149778366089
          ],
          [
            0.6648247241973877
          ],
          [
            0.441165953874588
          ],
          [
            0.3693472445011139
          ]
        ]
      }
    },
    {
      "uid": "2",
      "score": 1.0,
      "diagnosis": "Phenylketonuria",
      "details": {
        "ddx": [
          "Tyrosinemia type I",
          "Phenylketonuria",
          "Congenital metabolic disorder",
          "Neonatal metabolic crisis",
          "Organic acidemia"
        ],
        "similarity_matrix": [
          [
            0.6515018939971924
          ],
          [
            1.0
          ],
          [
            0.3688785433769226
          ],
          [
            0.43746304512023926
          ],
          [
            0.5155632495880127
          ]
        ]
      }
    },
    {
      "uid": "3",
      "score": 0.45451462268829346,
      "diagnosis": "Congenital disorder of glycosylation, type Ia",
      "details": {
        "ddx": [
          "Congenital diaphragmatic hernia",
          "Cerebellar hypoplasia",
          "Lipodystrophy syndrome",
          "Congenital muscular dystrophy",
          "Neonatal metabolic crisis"
        ],
        "similarity_matrix": [
          [
            0.34389811754226685
          ],
          [
            0.22878502309322357
          ],
          [
            0.352036714553833
          ],
          [
            0.45451462268829346
          ],
          [
            0.3547334372997284
          ]
        ]
      }
    },
    {
      "uid": "4",
      "score": 1.0,
      "diagnosis": "Maple syrup urine disease",
      "details": {
        "ddx": [
          "Maple syrup urine disease",
          "Organic acidemia",
          "Congenital metabolic disorder",
          "Neonatal metabolic crisis",
          "Tyrosinemia type I"
        ],
        "similarity_matrix": [
          [
            1.0
          ],
          [
            0.5374430418014526
          ],
          [
            0.38794830441474915
          ],
          [
            0.5143418312072754
          ],
          [
            0.5863107442855835
          ]
        ]
      }
    },
    {
      "uid": "5",
      "score": 0.9432156682014465,
      "diagnosis": "Phenylketonuria",
      "details": {
        "ddx": [
          "Tyrosinemia Type I",
          "Phenylketonuria (PKU)",
          "Congenital Ichthyosis",
          "Neonatal Sepsis",
          "Metabolic Syndrome"
        ],
        "similarity_matrix": [
          [
            0.6515018939971924
          ],
          [
            0.9432156682014465
          ],
          [
            0.3578725755214691
          ],
          [
            0.2532169818878174
          ],
          [
            0.31702443957328796
          ]
        ]
      }
    },
    {
      "uid": "6",
      "score": 1.0,
      "diagnosis": "Biotinidase deficiency; Biotinidase deficiencymultiple carboxylase deficiency",
      "details": {
        "ddx": [
          "Biotinidase Deficiency",
          "Lactic Acidosis",
          "Congenital Alopecia",
          "Neonatal Sepsis",
          "Atopic Dermatitis"
        ],
        "similarity_matrix": [
          [
            1.0,
            0.9127184748649597
          ],
          [
            0.34595608711242676,
            0.30610838532447815
          ],
          [
            0.3368740975856781,
            0.25832468271255493
          ],
          [
            0.25938880443573,
            0.17675566673278809
          ],
          [
            0.3340592384338379,
            0.25977277755737305
          ]
        ]
      }
    },
    {
      "uid": "7",
      "score": 0.4865162670612335,
      "diagnosis": "Congenital disorder of glycosylation, type Ia",
      "details": {
        "ddx": [
          "Cerebellar Atrophy",
          "Rod-Cone Dystrophy",
          "Lipodystrophy Syndrome",
          "Congenital Hepatitis",
          "Thromboembolic Disease"
        ],
        "similarity_matrix": [
          [
            0.20594735443592072
          ],
          [
            0.4865162670612335
          ],
          [
            0.352036714553833
          ],
          [
            0.41445690393447876
          ],
          [
            0.21778270602226257
          ]
        ]
      }
    },
    {
      "uid": "8",
      "score": 1.0,
      "diagnosis": "Glutaric acidemia I; Glutaric acidemia type I; Glutaryl-CoA dehydrogenase deficiency",
      "details": {
        "ddx": [
          "Glutaric Acidemia Type I",
          "Carnitine Deficiency",
          "Neonatal Sepsis",
          "Mitochondrial Disorder",
          "Congenital Hypotonia"
        ],
        "similarity_matrix": [
          [
            0.9929609298706055,
            1.0,
            0.827497661113739
          ],
          [
            0.4521826207637787,
            0.44239750504493713,
            0.5454127788543701
          ],
          [
            0.2563488483428955,
            0.2503020167350769,
            0.20872677862644196
          ],
          [
            0.35269230604171753,
            0.3575485944747925,
            0.4247358441352844
          ],
          [
            0.388855904340744,
            0.375151664018631,
            0.3644542694091797
          ]
        ]
      }
    },
    {
      "uid": "9",
      "score": 0.5968614220619202,
      "diagnosis": "Isovaleric acidemia; Isovaleric acedemia",
      "details": {
        "ddx": [
          "Nonketotic Hyperglycinemia",
          "Carnitine Transport Defect",
          "Urea Cycle Disorder",
          "Neonatal Sepsis",
          "Congenital Lethargy Syndrome"
        ],