{
  "metadata": {
    "experiment_name": "Ramedis Baseline con GPT-4o",
    "timestamp": "2025-06-08T15:52:56.523522"
  },
  "evaluations": [
    {
      "case_id": 1,
      "gdx_set": [
        "Methylmalonic acidemia",
        "Methylmalonic aciduria",
        "Vitamin B12-unresponsive methylmalonic acidemia",
        "methylmalonyl-coa mutase deficiency"
      ],
      "best_match": {
        "gdx": "Methylmalonic acidemia",
        "ddx": "Methylmalonic acidemia",
        "score": 0.9999998807907104
      },
      "ddx_semantic_scores": {
        "Methylmalonic acidemia": [
          0.9999998807907104,
          0.9680109024047852,
          0.8807355165481567,
          0.8907325863838196
        ],
        "Propionic acidemia": [
          0.6754580140113831,
          0.6590555906295776,
          0.5651570558547974,
          0.6129608154296875
        ],
        "Isovaleric acidemia": [
          0.7510212063789368,
          0.7446814775466919,
          0.6919991970062256,
          0.6903924942016602
        ],
        "Multiple carboxylase deficiency": [
          0.7205946445465088,
          0.727961540222168,
          0.6880760192871094,
          0.7256921529769897
        ],
        "Glutaric acidemia type II": [
          0.6160073280334473,
          0.6171358823776245,
          0.5551170706748962,
          0.643052339553833
        ]
      }
    },
    {
      "case_id": 2,
      "gdx_set": [
        "Succinic semialdehyde dehydrogenase deficiency"
      ],
      "best_match": {
        "gdx": "Succinic semialdehyde dehydrogenase deficiency",
        "ddx": "Organic acidemia",
        "score": 0.5400195121765137
      },
      "ddx_semantic_scores": {
        "Spinal muscular atrophy": [
          0.35371264815330505
        ],
        "Pompe disease": [
          0.42517709732055664
        ],
        "Organic acidemia": [
          0.5400195121765137
        ],
        "Congenital myasthenic syndrome": [
          0.30410826206207275
        ],
        "Mitochondrial disorder": [
          0.4131036102771759
        ]
      }
    },
    {
      "case_id": 3,
      "gdx_set": [
        "Phenylketonuria"
      ],
      "best_match": {
        "gdx": "Phenylketonuria",
        "ddx": "Phenylketonuria",
        "score": 1.0
      },
      "ddx_semantic_scores": {
        "Tyrosinemia Type I": [
          0.6515018939971924
        ],
        "Phenylketonuria": [
          1.0
        ],
        "Maple Syrup Urine Disease": [
          0.6832215785980225
        ],
        "Nonketotic Hyperglycinemia": [
          0.6471371054649353
        ],
        "Congenital Disorders of Glycosylation": [
          0.2743188440799713
        ]
      }
    },
    {
      "case_id": 4,
      "gdx_set": [
        "Congenital disorder of glycosylation, type Ia"
      ],
      "best_match": {
        "gdx": "Congenital disorder of glycosylation, type Ia",
        "ddx": "Fukuyama congenital muscular dystrophy",
        "score": 0.5406872034072876
      },
      "ddx_semantic_scores": {
        "Congenital muscular dystrophy": [
          0.45451462268829346
        ],
        "Walker-Warburg syndrome": [
          0.3303225338459015
        ],
        "Fukuyama congenital muscular dystrophy": [
          0.5406872034072876
        ],
        "Muscle-eye-brain disease": [
          0.33927446603775024
        ],
        "Congenital myopathy": [
          0.3780507743358612
        ]
      }
    },
    {
      "case_id": 5,
      "gdx_set": [
        "Maple syrup urine disease"
      ],
      "best_match": {
        "gdx": "Maple syrup urine disease",
        "ddx": "Maple Syrup Urine Disease",
        "score": 1.0
      },
      "ddx_semantic_scores": {
        "Maple Syrup Urine Disease": [
          1.0
        ],
        "Leigh Syndrome": [
          0.4428190588951111
        ],
        "Menkes Disease": [
          0.5389600396156311
        ],
        "Smith-Lemli-Opitz Syndrome": [
          0.4154720902442932
        ],
        "Krabbe Disease": [
          0.4545759856700897
        ]
      }
    }
  ]
}